# YTID,start_seconds,end_seconds,event_label
-6RN8skIHU4,20.0,30.0,['Camera']
-6x2PtSRfJU,30.0,40.0,['Meow']
-9ek6eO0RtI,260.0,270.0,['Doorbell']
-Dtir74TiUM,40.0,50.0,['Scratching_(performance technique)']
-FT5MbWPCzg,540.0,550.0,['Church_bell']
-Sclnq22t7o,30.0,40.0,['Burping_and_eructation']
-gStrDahsjU,20.0,30.0,['Doorbell']
-m5ZlWziIeA,200.0,210.0,['Scratching_(performance technique)']
-mQR-O53mFE,100.0,110.0,['Cheering']
-mlRMOia7DU,70.0,80.0,['Camera']
-r1H8hBeYmw,21.0,31.0,['Meow']
-ysNtKG8FlU,30.0,40.0,['Meow']
02JEvDAcq7U,10.0,20.0,['Doorbell']
02QXbqf9bbw,350.0,360.0,['Camera']
0H2uMhzSitY,520.0,530.0,['Shatter']
0NyrNJAXrIo,30.0,40.0,['Meow']
0SEHGxAQL18,30.0,40.0,['Meow']
0VwX92X3iPc,30.0,40.0,['Scratching_(performance technique)']
0_utuoBWKmo,17.0,27.0,['Meow']
0abfTrxjX-4,30.0,40.0,['Meow']
0ehwxbvn3d0,320.0,330.0,['Shout']
0eymuxOpj8s,140.0,150.0,['Camera']
0f2A-lZYAnw,30.0,40.0,['Meow']
0hrpu0UHkVw,260.0,270.0,['Cheering']
0iNkEzDn2ys,580.0,590.0,['Shout']
0jFN112eGVQ,21.0,31.0,['Meow']
0pJwADdUrRo,30.0,40.0,['Meow']
0qZ3tI4nAZE,6.0,16.0,['Meow']
0wLyVkC2mqA,210.0,220.0,['Cheering']
10mtAupS0I4,0.0,10.0,['Meow']
19tPF3TY3g0,30.0,40.0,['Burping_and_eructation']
1G3TdBrW7ys,30.0,40.0,['Meow']
1GCOnj53QYM,0.0,10.0,['Scratching_(performance technique)']
1LA64TXatWk,30.0,40.0,['Scratching_(performance technique)']
1Oy7Yha8LOg,30.0,40.0,['Meow']
1PK0s_W9hkM,0.0,10.0,['Shatter']
1PajbAKd8Kg,0.0,10.0,['Cough']
1Z19W2GRX2s,70.0,80.0,['Cheering']
1ZkHnqQt9KI,320.0,330.0,['Shout']
1e3_ucOz0Ik,20.0,30.0,['Cough']
1jc3YPwYfC4,220.0,230.0,['Cough']
1kjnqM-ptrk,110.0,120.0,['Shatter']
1lBl4WXrFxE,30.0,40.0,['Meow']
2-RBVkZKJ54,50.0,60.0,['Cheering']
2Aojn4ltkP0,30.0,40.0,['Shout']
2CMVqo7dIZU,20.0,30.0,['Shatter']
2E0OsrYbzAI,10.0,20.0,['Fireworks']
2I2IzXnhmtc,120.0,130.0,['Cough']
2MGsPzzb4yA,30.0,40.0,['Cheering']
2NuMifM0Uio,10.0,20.0,['Shatter']
2Ui85-AOLyo,30.0,40.0,['Scratching_(performance technique)']
2ZfwEg4JaiU,0.0,10.0,['Cough']
2aUWpuKZ-GQ,0.0,10.0,['Doorbell']
2fmJC4oVkmo,50.0,60.0,['Shout']
2je_d-3I0OY,60.0,70.0,['Shatter']
2mJbGx5D-zA,150.0,160.0,['Bark']
386I9SMtAGc,0.0,10.0,['Fireworks']
3HaqTs1_Exg,30.0,40.0,['Meow']
3LgtHjcwPyE,60.0,70.0,['Burping_and_eructation']
3MC74V1HHOo,100.0,110.0,['Burping_and_eructation']
3QibDiritdU,120.0,130.0,['Shatter']
3SfslfDi7W8,0.0,10.0,['Shout']
3UAvkNVtoak,10.0,20.0,['Shatter']
3Z0Gl7RHThc,280.0,290.0,['Shatter']
3oX-QGFNYTg,20.0,30.0,['Fireworks']
3ouVmTU1BXs,140.0,150.0,['Burping_and_eructation']
3pv0kmrezHI,80.0,90.0,['Cheering']
3rmsgqvn-7g,10.0,20.0,['Meow']
3vaGGiJrE2k,30.0,40.0,['Doorbell']
3xCWI_22Z9A,50.0,60.0,['Bark']
4AZPDLhB--g,60.0,70.0,['Cheering']
4EiskLYtkO4,0.0,10.0,['Cough']
4MZrJBy7i-I,10.0,20.0,['Meow']
4WLF2CT0eCM,40.0,50.0,['Cough']
4Y3OlH87NUE,20.0,30.0,['Fireworks']
4_cwAbkJLeY,430.0,440.0,['Doorbell']
4c1omzV5pP8,90.0,100.0,['Doorbell']
4rUBzzs1lxU,20.0,30.0,['Burping_and_eructation']
4zC-SYrj9us,200.0,210.0,['Camera']
52aW_tMLxiM,150.0,160.0,['Camera']
58jMS3K5iMo,130.0,140.0,['Cough']
58yb7qX_pv8,30.0,40.0,['Meow']
59Mt7J_0KT4,0.0,10.0,['Scratching_(performance technique)']
5B7j5DIqBJA,30.0,40.0,['Meow']
5H-RadrUSA4,20.0,30.0,['Shatter']
5KWTAq3GkfA,6.0,16.0,['Meow']
5NX8h6debUc,5.0,15.0,['Cheering']
5PbIH_kMyis,70.0,80.0,['Bark']
5QH1nhYHfXU,90.0,100.0,['Fireworks']
5exxJqJLrts,20.0,30.0,['Cheering']
5lN_vNS5z8Y,250.0,260.0,['Church_bell']
5mut_FrB4As,30.0,40.0,['Fireworks']
5otuWD5-Zhc,470.0,480.0,['Church_bell']
5tOj-p8ANmM,0.0,10.0,['Bark']
5upBlkwvHmg,0.0,10.0,['Cheering']
60JKaGidSoI,130.0,140.0,['Burping_and_eructation']
64K4SlYR3BU,70.0,80.0,['Bark']
65KYS3lIRII,380.0,390.0,['Scratching_(performance technique)']
6KknUgdsPxw,160.0,170.0,['Fireworks']
6L8066DGqcA,210.0,220.0,['Scratching_(performance technique)']
6R8mmrJvXgc,220.0,230.0,['Shatter']
6RmVECh3_YQ,120.0,130.0,['Scratching_(performance technique)']
6WJitOS-RHw,110.0,120.0,['Doorbell']
6XiVOflQITo,0.0,10.0,['Shatter']
6Y9cje91K4A,100.0,110.0,['Shatter']
6YXjJ6ABnZU,20.0,30.0,['Scratching_(performance technique)']
6c-5b9sj35o,30.0,40.0,['Meow']
6ewVr6SG7iY,40.0,50.0,['Shout']
6f9hp7CJn64,40.0,50.0,['Cheering']
6g2kz0QNYts,70.0,80.0,['Fireworks']
6iyinlZEgS4,40.0,50.0,['Doorbell']
6l8elU3VEBE,330.0,340.0,['Bark']
6qlfodh49BA,0.0,3.0,['Doorbell']
6u14wxqIlZ4,30.0,40.0,['Meow']
6wg3GJZk7Q0,30.0,40.0,['Meow']
7F01MogWvhQ,30.0,40.0,['Meow']
7G76uQj5eas,140.0,150.0,['Shatter']
7J7_OGwI2O4,0.0,10.0,['Cheering']
7LlnLjZOqVI,30.0,40.0,['Scratching_(performance technique)']
7N2q1XkFuqY,21.0,31.0,['Meow']
7P-1BJ1A9ME,2.0,12.0,['Doorbell']
7SZFvCNKCNg,540.0,550.0,['Shatter']
7WoFyN1R-1g,12.0,22.0,['Meow']
7feRrqB4AvM,60.0,70.0,['Fireworks']
7mGVgQhMQCE,30.0,40.0,['Cheering']
7mp2S19k7as,40.0,50.0,['Cheering']
80samHs909Y,10.0,20.0,['Shout']
82EHZ4_pTps,30.0,40.0,['Meow']
8430QfEUpWo,260.0,270.0,['Cheering']
8MX03zX_ubE,30.0,40.0,['Meow']
8N5XxcJ7QOU,20.0,30.0,['Cough']
8OTi4M2Gr8Y,100.0,110.0,['Camera']
8X4_2bcXKvM,310.0,320.0,['Fireworks']
8XGXHDMIJw4,150.0,160.0,['Scratching_(performance technique)']
8cDXwosw9nA,30.0,40.0,['Bark']
8l8ghk2CDbE,190.0,200.0,['Cough']
8oBxzje16HU,30.0,40.0,['Burping_and_eructation']
8z2yFtX66C4,30.0,40.0,['Shout']
8zn9L4SRjCs,0.0,10.0,['Shout']
9Bln0rDEx_o,30.0,40.0,['Doorbell']
9IFnYvr7xBM,0.0,10.0,['Fireworks']
9VJL-ktypNw,0.0,6.0,['Doorbell']
9VTl3KBJPXU,10.0,20.0,['Shout']
9YnYlDFKn-U,30.0,40.0,['Scratching_(performance technique)']
9aoLlAc64hQ,60.0,70.0,['Shout']
9ng2jhBIWgk,210.0,220.0,['Camera']
9rVmT_jQlkM,80.0,90.0,['Fireworks']
9rwfy8B5EB8,280.0,290.0,['Bark']
A5fPSkTvjmY,70.0,80.0,['Scratching_(performance technique)']
ACm8QhYSQcQ,250.0,260.0,['Cheering']
AH00J1t0A2o,310.0,320.0,['Shout']
AOL8Om5Cs8E,6.0,16.0,['Camera']
AON37kCpOBw,40.0,50.0,['Burping_and_eructation']
ASzOY50Dg38,0.0,10.0,['Shatter']
AVIplOV78Rw,50.0,60.0,['Fireworks']
Aa8lvl6b-iM,120.0,130.0,['Shout']
Add11iatg0Y,50.0,60.0,['Doorbell']
AkMDZYZraRo,310.0,320.0,['Fireworks']
At88LS5okRI,120.0,130.0,['Burping_and_eructation']
AzGtPHlrlzU,70.0,80.0,['Scratching_(performance technique)']
B-3Rsam9FxM,310.0,320.0,['Fireworks']
BGkXV9_wf9g,30.0,40.0,['Meow']
BJ8up8BXMjg,570.0,580.0,['Doorbell']
B_hJGfaCXq8,30.0,40.0,['Fireworks']
Bc6AIHASWxI,30.0,40.0,['Cheering']
Bgcvw5VEabw,130.0,140.0,['Camera']
BtwvdgECX10,0.0,10.0,['Cheering']
BurGML_ZqSA,100.0,110.0,['Doorbell']
BxfBMFT1CHA,300.0,310.0,['Camera']
ByZD9ujkkB4,50.0,60.0,['Doorbell']
Bz-TAUdigNg,0.0,4.0,['Camera']
C5N5XQ7l_e8,20.0,30.0,['Camera']
C5Zs-Lb2rIM,90.0,100.0,['Scratching_(performance technique)']
C6FBuP5P9Mo,40.0,50.0,['Camera']
C91U_qUVqmk,0.0,10.0,['Shout']
CCHRD-G9sfA,90.0,100.0,['Fireworks']
CLgzTSgUu5U,70.0,80.0,['Church_bell']
CSaXbTIs8gk,60.0,70.0,['Shatter']
CTBFPn_S5u0,30.0,40.0,['Bark']
CU_l9xDeKsg,40.0,50.0,['Camera']
Cd7JefC6-Zw,230.0,240.0,['Scratching_(performance technique)']
CiH1YkbIq-o,140.0,150.0,['Burping_and_eructation']
CkYgI1cyaTg,480.0,490.0,['Camera']
CnnszUoFGcQ,0.0,10.0,['Shatter']
CqWsb_bPiqI,280.0,290.0,['Camera']
DFLDW-560HQ,30.0,40.0,['Church_bell']
DOtBB70Jgu4,60.0,70.0,"['Doorbell', 'Bark']"
DPzoYrz6Mi8,150.0,160.0,['Camera']
DQzg3cZeYSw,30.0,40.0,['Scratching_(performance technique)']
DR6axnjaBkQ,80.0,90.0,['Fireworks']
DU4im26D6ts,10.0,20.0,['Burping_and_eructation']
DXUmi-gSRww,10.0,20.0,['Cough']
DkCIFy4OWno,10.0,20.0,['Cough']
DndWzbgvKws,20.0,30.0,['Fireworks']
E-f_YcMcIK0,10.0,20.0,['Fireworks']
E0XpxQAoXeU,170.0,180.0,['Fireworks']
E7cjHvnJLIk,40.0,50.0,['Cheering']
EBwiCVS_gBs,40.0,50.0,['Cough']
EGc41s7IIZ0,400.0,410.0,['Doorbell']
EHbGdsiQ-nE,14.0,24.0,['Cheering']
EKGL6qVpZg8,150.0,160.0,['Scratching_(performance technique)']
ETAONbN_HT0,160.0,170.0,['Camera']
EX0ZF-jNWIg,190.0,200.0,['Cough']
E_IG2ubeTME,30.0,40.0,['Scratching_(performance technique)']
EakI8v4Ztt4,30.0,40.0,['Bark']
Eo_jCycp6Qo,370.0,380.0,['Camera']
Es0DobdL8Kc,270.0,280.0,['Doorbell']
EsiR1ZbHetU,10.0,20.0,['Shout']
EwAUvy_WqaI,280.0,290.0,['Shout']
F3lXZDUz4kA,110.0,120.0,['Cheering']
F47KWnLj7tQ,20.0,30.0,['Shatter']
F7sg58qV70s,0.0,10.0,['Doorbell']
FAX8Twagbvg,90.0,100.0,['Burping_and_eructation']
FTYgwHJUkaY,10.0,20.0,['Bark']
FTePTiRR_tA,60.0,70.0,['Cough']
FTkPTaI8eOo,440.0,450.0,['Shatter']
FUaEvKxWtNQ,11.0,21.0,['Church_bell']
FakZ7DH33dQ,80.0,90.0,['Fireworks']
Fbxs3CnA5OY,70.0,80.0,['Shatter']
FeRaDiSPb2c,17.0,27.0,['Bark']
FgIULzbbDNw,420.0,430.0,['Shatter']
FmytwY7SAfU,60.0,70.0,['Scratching_(performance technique)']
Fn82yAnl7C0,50.0,60.0,['Shout']
Fr8ZMXkLM5Y,60.0,70.0,['Church_bell']
Fu8Ze7MgXb4,40.0,50.0,['Cough']
FuTiynEpLpE,80.0,90.0,['Bark']
Fw09tDLa-78,0.0,10.0,['Bark']
FwoJ69JvYjo,310.0,320.0,['Cheering']
G0uFERXjyWg,0.0,10.0,['Fireworks']
G7vXKtePlGM,10.0,20.0,['Bark']
GD5hb0f8-3I,110.0,120.0,['Camera']
GIFaOp1XGs8,30.0,40.0,['Cheering']
GLb9zvhNSXE,70.0,80.0,['Camera']
GZUC9TF1kik,70.0,80.0,['Bark']
Ga_0YqOBcew,150.0,160.0,['Bark']
GamZltmhYuc,60.0,70.0,['Bark']
GbD3F5S_4cQ,160.0,170.0,['Cough']
Gh8pcu-QU78,40.0,50.0,['Fireworks']
Glc6Ekc67OE,30.0,40.0,['Bark']
GqLIHSRnM3E,170.0,180.0,['Church_bell']
Gt8JY-8RDm0,30.0,40.0,['Meow']
Gz8RlHf3Czs,30.0,40.0,['Scratching_(performance technique)']
HCyAntr4p_g,30.0,40.0,['Burping_and_eructation']
HENNy41BwOM,120.0,130.0,['Shout']
HEh1a-W7rrk,160.0,170.0,['Burping_and_eructation']
HH3ryAEP308,30.0,40.0,['Scratching_(performance technique)']
HHFnMqzW54k,30.0,40.0,['Fireworks']
HJFlxLJSX8E,30.0,40.0,['Meow']
HL-SGox-Ez0,30.0,40.0,['Church_bell']
HQfnea5gn-I,30.0,40.0,['Fireworks']
HXxJ7Siqlrg,70.0,80.0,['Shout']
Hohf6LqRCvg,110.0,120.0,['Shout']
HpWM0fc809Q,370.0,380.0,['Bark']
HqS5gBt59TY,10.0,20.0,['Shout']
I2FnnsvMj6Y,280.0,290.0,['Camera']
I9nCiUYreVc,150.0,160.0,['Cheering']
IE2WC1tNsEE,160.0,170.0,['Shatter']
II1qAXeqvIQ,290.0,300.0,['Camera']
II4UebN1Dxw,10.0,20.0,['Shatter']
IMDBu-_mRks,30.0,40.0,['Meow']
IN6FFTlq_8c,50.0,60.0,['Cough']
IYhY5YQrvLs,0.0,4.0,['Burping_and_eructation']
Ic3q9Wg5bGA,140.0,150.0,['Shatter']
IclkG1Ux8to,30.0,40.0,['Shatter']
IhDfxIBqaLA,230.0,240.0,['Shout']
IqXmQwHAzt8,0.0,10.0,['Doorbell']
IusuWEAoIoY,30.0,40.0,['Church_bell']
IxADrhzIXjo,70.0,80.0,['Shout']
J061zprgVR4,10.0,20.0,['Shout']
J0t4VMnXDNM,0.0,10.0,['Scratching_(performance technique)']
J6_hvIunXnU,0.0,10.0,['Cough']
JHIfkGns06o,150.0,160.0,['Church_bell']
JL76D1HWv-U,550.0,560.0,['Doorbell']
JL8Nd1_O_8w,410.0,420.0,['Camera']
JPatstz0zt0,450.0,460.0,['Burping_and_eructation']
JQPzkgrCbe8,0.0,10.0,['Camera']
JUoXv2kep_0,300.0,310.0,['Shout']
Jl6PuLEhxN8,110.0,120.0,['Fireworks']
Jlv0rZ3-Fh8,0.0,6.0,['Burping_and_eructation']
JqRCZKXNXwY,30.0,40.0,['Meow']
JuaiNGsbGxE,30.0,40.0,['Church_bell']
JvSD_04TBR4,80.0,90.0,['Shout']
JvgYGGBGZpM,30.0,40.0,['Doorbell']
K6M2Q24k178,50.0,60.0,['Fireworks']
K7aRghC0kOs,0.0,4.0,['Camera']
K7k1tH72E4k,130.0,140.0,['Cough']
K9sMmkRbAFs,120.0,130.0,['Camera']
KER4kAIsiTc,190.0,200.0,['Scratching_(performance technique)']
KG6JGCHIaH0,520.0,530.0,['Shatter']
KHUfXqnsyQ8,30.0,40.0,['Church_bell']
KHapBfftSoE,70.0,80.0,['Church_bell']
KL0TWPmezrY,10.0,20.0,['Shout']
KVyTY6NAXL8,30.0,40.0,['Meow']
Ki7Xvd2_hxY,30.0,40.0,['Bark']
Kno1Qt815WI,160.0,170.0,['Shout']
Kojo5khAAS0,280.0,290.0,['Scratching_(performance technique)']
KqVPfLZaRpc,350.0,360.0,['Camera']
KrtiLKd4VCI,100.0,110.0,['Bark']
KsT1OSUHFUY,30.0,40.0,['Bark']
KuIoTPeISWI,40.0,50.0,['Camera']
KyjeM7J-Pz4,170.0,180.0,['Scratching_(performance technique)']
L5EscAyv4a4,40.0,50.0,['Cheering']
L9YtOeck3A0,0.0,10.0,['Shatter']
LEwXpKnJMaQ,440.0,450.0,['Doorbell']
LOLTshIl61E,50.0,60.0,['Cheering']
LOdVDIv1snY,70.0,80.0,['Burping_and_eructation']
LUZvCwRDK38,550.0,560.0,['Doorbell']
M0HQ3VWaJpg,0.0,10.0,['Doorbell']
M47-JuWnx6U,0.0,6.0,['Doorbell']
M6bs_l-76uw,60.0,70.0,['Cough']
MCI7MZYdwoo,30.0,40.0,['Church_bell']
MCUOvhqC4jE,120.0,130.0,['Camera']
MFD3YNy3mGc,490.0,500.0,['Burping_and_eructation']
MVBQrBAXgw4,370.0,380.0,['Shatter']
MWJZVSUJHVE,0.0,10.0,['Church_bell']
MXdVnDVjSL8,30.0,40.0,['Scratching_(performance technique)']
Maul1ExUbfk,20.0,30.0,['Cough']
Me5oFWrV6cg,20.0,30.0,['Burping_and_eructation']
Mk23vQxKr6U,140.0,150.0,['Church_bell']
Mmke73EQZ08,20.0,30.0,['Bark']
Mnx3LMxvu50,200.0,210.0,['Scratching_(performance technique)']
MoXvWqQ2v38,300.0,310.0,"['Cough', 'Burping_and_eructation']"
MqUQb9pYHyw,0.0,10.0,['Shatter']
MuvuZhHeM3s,490.0,500.0,['Fireworks']
N0e03A5ilrY,140.0,150.0,['Burping_and_eructation']
NPDedSeMXTw,14.0,24.0,['Cheering']
NSS9_2FFVeo,40.0,50.0,['Scratching_(performance technique)']
NVWrbSKssSM,100.0,110.0,['Camera']
Nihn9j68pBE,10.0,20.0,['Cough']
Nq1BixVOd9s,510.0,520.0,['Fireworks']
NuMp4zOZEbY,10.0,20.0,['Bark']
NvlCImgdDVo,80.0,90.0,['Burping_and_eructation']
O5_wAnnhRMk,460.0,470.0,['Doorbell']
OA24pdxG9R4,30.0,40.0,['Doorbell']
OGPYXJyxQ24,110.0,120.0,['Cheering']
O_3h32Hetwc,130.0,140.0,['Cheering']
ObQH8sSi4K8,30.0,40.0,['Church_bell']
ObbEE5JoDJE,30.0,40.0,['Cough']
OvVWnTSAoNE,30.0,40.0,['Camera']
P1Qaz2cxuP4,200.0,210.0,['Camera']
P4BY72zK-aM,70.0,80.0,['Shatter']
P4Vp5cMKjL0,70.0,80.0,['Cough']
P8tx5STCuws,120.0,130.0,['Bark']
PCRY7zF-Oyg,120.0,130.0,['Cough']
PG1xWRrwUkE,210.0,220.0,['Shatter']
PL_h062rB3A,30.0,40.0,['Fireworks']
POZdRIMLlXc,23.0,33.0,['Cheering']
PPp4DcCy5v8,500.0,510.0,['Shatter']
PQ1NJa6U_Mc,120.0,130.0,['Cough']
PQmDM4qhdoo,190.0,200.0,['Shatter']
PUBw0WAMgsM,50.0,60.0,['Camera']
PYInIuSP2Qg,10.0,20.0,['Shatter']
PYpH_0Dhn5w,120.0,130.0,['Church_bell']
P_dXuddk3fE,90.0,100.0,['Bark']
P_oXjPQfHpM,250.0,260.0,['Fireworks']
P_tkRYMJK_M,80.0,90.0,['Bark']
PvGpTY3C9bs,480.0,490.0,['Doorbell']
Q-lc8hZqEVA,60.0,70.0,['Burping_and_eructation']
QHWuQj95SYw,270.0,280.0,['Bark']
QQouRzOM9BM,20.0,30.0,['Cough']
Qg7U2fFyFVI,0.0,10.0,['Burping_and_eructation']
Qs85meuYTMU,0.0,10.0,['Burping_and_eructation']
Qt1aCUq51ns,30.0,40.0,['Meow']
R-rS1jnK9Wc,150.0,160.0,['Bark']
R0AJ_4W0f8k,0.0,10.0,['Cough']
R0ws0tATJLg,0.0,10.0,['Church_bell']
RB9xMnuB59A,0.0,10.0,['Bark']
RHr4P9R3bfs,40.0,50.0,['Camera']
Rbvd_O2_Kbo,10.0,20.0,['Camera']
Rnd7f2AGGuI,30.0,40.0,['Meow']
RyPTSL-Zb3c,120.0,130.0,"['Cheering', 'Fireworks']"
SAiPzab5xVc,110.0,120.0,['Camera']
SJ7BOzbRLHA,6.0,16.0,['Church_bell']
SJI1-C3Cx1o,0.0,10.0,['Shatter']
SQei2xJFNpk,310.0,320.0,['Cough']
SVsz5CKZaUQ,160.0,170.0,['Shatter']
Sk8kMm7I-J8,50.0,60.0,['Fireworks']
SrzabTzuLWg,20.0,30.0,['Doorbell']
SxZXYlCkLt0,10.0,20.0,['Cheering']
T8NpPX6sWqs,350.0,360.0,['Camera']
T9SfXoYuvpo,40.0,50.0,['Cheering']
TDBqWGhnoLM,10.0,20.0,['Bark']
TKtNAJa-mbQ,11.0,21.0,['Meow']
TVzwdVlBY0s,120.0,130.0,['Camera']
TZGDukKAVS8,240.0,250.0,['Scratching_(performance technique)']
Tfg9HjhpVlY,100.0,110.0,['Burping_and_eructation']
TgZF6KBiBcQ,300.0,310.0,['Church_bell']
Th3mJWxUQ0w,90.0,100.0,['Shout']
U3kMEKCTwuE,40.0,50.0,['Doorbell']
U5WDJVVrRMM,0.0,7.0,['Burping_and_eructation']
U8-jaLo_OO4,70.0,80.0,['Shatter']
UDTsCTLkZzc,90.0,100.0,['Scratching_(performance technique)']
UEIkniwKKe0,410.0,420.0,['Fireworks']
UV90mG6wLBA,420.0,430.0,['Cheering']
UZYDN3DBkAk,110.0,120.0,['Cheering']
UZa8hjP92GM,20.0,30.0,['Cough']
Ufw0P-xOrng,160.0,170.0,['Fireworks']
UnD2YY2XHno,30.0,40.0,['Meow']
UvvbfkvbHDM,0.0,10.0,['Shout']
VA20N0XZgKs,10.0,20.0,['Fireworks']
VFxUtvYFRJg,30.0,40.0,['Meow']
VG7oB4EEUoY,10.0,20.0,['Doorbell']
VGUn3tueVLE,400.0,410.0,['Cough']
VGpqLyx96Z8,20.0,30.0,"['Doorbell', 'Bark']"
VP5mRLJtOEM,30.0,40.0,['Meow']
VSvRlhu1rb4,30.0,40.0,['Meow']
VUpMaG2xKUw,30.0,40.0,['Meow']
Vbx6TFxSPYY,70.0,80.0,['Doorbell']
VcsiwzBrnzY,0.0,10.0,['Church_bell']
VcvhpbcK4lo,100.0,110.0,['Scratching_(performance technique)']
VdaTqi6O4d0,10.0,20.0,['Cough']
Vg0FYW5Qpzk,100.0,110.0,['Shatter']
Vg_y3i_rdnk,20.0,30.0,['Church_bell']
VrqgvzDAa8k,40.0,50.0,['Burping_and_eructation']
VtbNaMkjDXU,190.0,200.0,['Scratching_(performance technique)']
VttMBDi4k3E,30.0,40.0,['Church_bell']
W3DwueAy65k,130.0,140.0,['Scratching_(performance technique)']
W4qY8rqeTTA,13.0,23.0,['Burping_and_eructation']
W65c_uSH4mg,200.0,210.0,['Shatter']
W7qiSqCQmGI,130.0,140.0,['Camera']
WDZdy6TtcYI,0.0,10.0,['Fireworks']
WMObZJPsnkE,20.0,30.0,['Burping_and_eructation']
WT2iyJmKkc8,120.0,130.0,['Scratching_(performance technique)']
WhqTqqzGRng,10.0,20.0,['Cheering']
WiAFUo2nxIk,30.0,40.0,['Scratching_(performance technique)']
WkU6zXSeKH8,30.0,40.0,['Bark']
Wre8DkaPhyA,110.0,120.0,['Cheering']
WtV5ird3gPM,270.0,280.0,['Cheering']
WyqyK87HomE,70.0,80.0,['Bark']
XE9GjWthDAA,490.0,500.0,['Burping_and_eructation']
XHczpbtBhk4,0.0,10.0,['Shout']
XHimm5QTqBE,0.0,10.0,['Church_bell']
XNJhMEOpYdE,30.0,40.0,['Meow']
XSB9zHU21Hg,150.0,160.0,['Camera']
XXGQb0FSuHQ,60.0,70.0,['Fireworks']
XXNuAH_jZ_8,390.0,400.0,['Camera']
XoDbqos7Cww,20.0,30.0,['Shout']
Y1l6PScgwmM,20.0,30.0,['Church_bell']
Y93yBzxqtJ0,110.0,120.0,['Camera']
YCy_jDZJy3Y,230.0,240.0,['Bark']
YIxvfaehMpk,70.0,80.0,['Fireworks']
YJKZVSvz1Bk,100.0,110.0,['Scratching_(performance technique)']
YMqY9e4ZXB4,10.0,20.0,['Cheering']
YNvlbMtntto,300.0,310.0,['Camera']
YTP7YMaEm1s,20.0,30.0,['Cough']
YZsH4WvIkxE,40.0,50.0,['Doorbell']
Yamxf-UkucM,21.0,31.0,['Meow']
YcI57jUphwc,30.0,40.0,['Fireworks']
YdnIPrnQI20,210.0,220.0,['Fireworks']
YnBpwFgMWCU,480.0,490.0,['Fireworks']
YuXLcvugIPA,380.0,390.0,['Fireworks']
ZBzNxwQk9XE,0.0,10.0,['Cough']
ZFG9jHrLtBE,70.0,80.0,['Scratching_(performance technique)']
ZK0nR3j1pAY,0.0,10.0,['Cough']
ZLZiPLEJ5D0,20.0,30.0,['Burping_and_eructation']
ZMFF8qfgwW0,250.0,260.0,['Shatter']
ZMiF2c7AMj4,30.0,40.0,['Doorbell']
ZNUTbWD5ddE,30.0,40.0,['Bark']
ZNlciK_2qCA,120.0,130.0,['Scratching_(performance technique)']
ZXUL9cJ8OuU,60.0,70.0,['Burping_and_eructation']
ZgaGheLPXys,230.0,240.0,['Fireworks']
Zl5vwBuTQyw,40.0,50.0,['Burping_and_eructation']
ZnBvXFDWpWo,50.0,60.0,['Scratching_(performance technique)']
Zno9K9Rvlio,260.0,270.0,['Cheering']
ZvKn6e1AZCU,0.0,8.0,['Cough']
Zy2LsyinGcY,10.0,20.0,['Bark']
_7BYvjIXZBI,80.0,90.0,['Shout']
_AjXY9cHCxA,150.0,160.0,['Cough']
_G3lYKAITu8,490.0,500.0,['Church_bell']
_GQnXfIGNKY,150.0,160.0,['Scratching_(performance technique)']
_JTHtcRHxnw,300.0,310.0,['Church_bell']
_PoDrQC5qAo,50.0,60.0,['Doorbell']
_WD9mbwAcrQ,130.0,140.0,['Shout']
_WLSxaduG4Q,30.0,40.0,['Meow']
_dH7f7PZkGg,220.0,230.0,['Shout']
_j4Sv4TauOM,60.0,70.0,['Cheering']
a701SAZyJF4,40.0,50.0,['Shout']
aAJuPyUvHn8,20.0,30.0,['Cough']
aSNvKefxs4c,60.0,70.0,['Bark']
aTu2S04Zizo,180.0,190.0,['Doorbell']
ab8V7MYQVyg,190.0,200.0,['Shout']
ab9jVHTUQsQ,19.0,29.0,['Meow']
alSAxo29qms,0.0,10.0,['Fireworks']
ammKLbpCiwU,10.0,20.0,['Church_bell']
ao9oox4OiGU,10.0,20.0,['Cough']
avuoh1lRAKg,140.0,150.0,['Burping_and_eructation']
b24uboHG_GE,0.0,10.0,['Cough']
b4bIubTJPdM,90.0,100.0,['Church_bell']
bAl-i0g7rUM,0.0,8.0,['Shatter']
bCCIvZNNbBM,20.0,30.0,['Burping_and_eructation']
bCOmV_G0pkk,100.0,110.0,['Cough']
bGlLn8qhlKY,60.0,70.0,['Burping_and_eructation']
bJhBfS6KAOo,20.0,30.0,['Camera']
bTC22WA2gJk,80.0,90.0,['Shout']
bYzFyPg9h9o,350.0,360.0,['Camera']
bk4X86Si6Zw,120.0,130.0,['Doorbell']
bpYciusD_Bo,10.0,20.0,['Shout']
bpjMpKxsBAs,490.0,500.0,['Church_bell']
c-f2RSZ_LxU,490.0,500.0,['Church_bell']
c4MUgtiDtDY,30.0,40.0,['Cough']
cJNFh1Dfy4I,200.0,210.0,['Scratching_(performance technique)']
cYdq2fjRhcg,10.0,20.0,['Cheering']
cZGY4Duhuvw,70.0,80.0,['Burping_and_eructation']
cenfXDHmino,100.0,110.0,['Shatter']
clJZQsQzGCA,490.0,500.0,['Church_bell']
cnFjR8cfefk,0.0,10.0,['Cheering']
crUcuDJKePU,26.0,36.0,['Meow']
dlZ8WXf3e_g,160.0,170.0,['Church_bell']
dnFBtHwQI1I,50.0,60.0,['Shout']
e1I92xa9UzY,210.0,220.0,['Shout']
eF7BVZza7qg,390.0,400.0,['Camera']
eHmfCMcOVrM,300.0,310.0,['Shatter']
eLHj2Tr3ww8,520.0,530.0,['Camera']
eVuFgs5wIOw,10.0,20.0,['Camera']
ehS1MmMc4to,20.0,30.0,['Church_bell']
esT1SUV7jxo,540.0,550.0,['Camera']
ewJuQI95FEU,330.0,340.0,['Fireworks']
f79ak9A_IUo,140.0,150.0,['Camera']
fBQwI1843SI,60.0,70.0,['Camera']
fDlIO__7vv0,10.0,20.0,['Cough']
fEO0SbAuBQs,30.0,40.0,['Bark']
fJ36wVWhiio,40.0,50.0,['Shatter']
fkwesuzrOfg,10.0,20.0,['Shout']
g6hqQz_iuDQ,20.0,30.0,['Doorbell']
g7Ie365gjIU,90.0,100.0,['Burping_and_eructation']
gC416gpQrH4,0.0,10.0,['Shout']
gXBH4_kdnh0,320.0,330.0,['Doorbell']
ggwKZh6TsNU,30.0,40.0,['Meow']
giZni6C5rKk,110.0,120.0,['Church_bell']
grWa5wDZUVo,50.0,60.0,['Bark']
gxv0RVCuw2o,30.0,40.0,['Cheering']
h0A27Vd-NpU,30.0,40.0,['Doorbell']
h2Tb9weUZA4,110.0,120.0,['Burping_and_eructation']
h5D_CJYCeuc,200.0,210.0,['Camera']
h5q-MIrP_Ic,110.0,120.0,['Fireworks']
h9OFJ5QSpAQ,60.0,70.0,['Bark']
h9fY3yer6Ww,110.0,120.0,['Camera']
hEQG_EdBTGI,170.0,180.0,['Cheering']
hHDaA4bV06g,40.0,50.0,['Burping_and_eructation']
hIBfZ-rQutw,0.0,10.0,['Shatter']
hYJJlRDgUmU,340.0,350.0,['Burping_and_eructation']
hZ4d_dQm8jA,0.0,10.0,['Bark']
hZYgXxOYObA,50.0,60.0,['Fireworks']
hgJK2ZDgWtU,60.0,70.0,['Scratching_(performance technique)']
i1_Xk60MGV8,20.0,30.0,['Shout']
i3t9GvNirms,260.0,270.0,['Church_bell']
i5djLmhbczA,30.0,40.0,['Burping_and_eructation']
iTV3Otwq_dI,60.0,70.0,['Scratching_(performance technique)']
iYrfMKz1xE8,30.0,40.0,['Cheering']
iaWAlnr4dU8,140.0,150.0,['Bark']
id50FKUBH08,10.0,20.0,['Bark']
if8Oz8Q_GKE,50.0,60.0,['Church_bell']
im2DlcAOY1w,30.0,40.0,['Doorbell']
inscwqhuL0o,100.0,110.0,['Shatter']
is9cj2cMPCE,120.0,130.0,['Burping_and_eructation']
j-b6JikTLFY,0.0,10.0,['Shout']
j0VnD6MrOjc,20.0,30.0,['Cough']
jV8kq0MpWMU,30.0,40.0,['Scratching_(performance technique)']
jVXD_nvk6as,80.0,90.0,['Burping_and_eructation']
jh-zV7K7ZdI,30.0,40.0,['Shatter']
jtfleZkQisU,280.0,290.0,['Camera']
k-MqG-G_H0Y,17.0,27.0,['Bark']
k2l0bCmIOB0,60.0,70.0,['Shout']
k7SgT11PwXo,20.0,30.0,['Bark']
k8qNBYDgHBA,190.0,200.0,['Bark']
kAtGD0lrwTA,210.0,220.0,['Shatter']
kNSWopHzLto,10.0,20.0,['Fireworks']
kNVmUxvzNi8,540.0,550.0,['Doorbell']
kQ5KzRQ_e7E,0.0,10.0,['Church_bell']
knHnuYdzlGg,90.0,100.0,['Shout']
kq05v9uyFwo,140.0,150.0,['Shout']
l-rA9a34Mq4,310.0,320.0,['Fireworks']
lGttYO2WqCk,30.0,40.0,['Cheering']
lTGJX5f2scI,80.0,90.0,['Cough']
lUP2iPc4i3Q,10.0,20.0,['Meow']
lVCUaqXeBjY,70.0,80.0,['Cheering']
lWIDThld_ec,110.0,120.0,['Shatter']
lY-Eh_tQtII,30.0,40.0,['Meow']
lcHxU6r6CE8,0.0,10.0,['Camera']
lcaRpShgGhY,10.0,20.0,['Doorbell']
lczsLSLFbQ4,200.0,210.0,['Church_bell']
lhiQ_aHj7MI,170.0,180.0,['Cheering']
llpnRcwTZ9Y,160.0,170.0,['Shout']
lvtn_PxRQm4,120.0,130.0,['Cough']
m3kb8GFAvtI,240.0,250.0,['Bark']
m9tnNkon_iw,30.0,40.0,['Scratching_(performance technique)']
mVamaP3xUw0,20.0,30.0,['Cough']
mYRRnFNNIBo,90.0,100.0,['Fireworks']
mrwREyYUFMc,0.0,10.0,['Shatter']
mtjUgt-IUV8,60.0,70.0,['Bark']
mwafAXvcoso,90.0,100.0,['Burping_and_eructation']
n0P4klG9TFE,10.0,20.0,['Bark']
nGJYXEsE3tk,20.0,30.0,['Fireworks']
nIHcAyP3ReQ,270.0,280.0,['Fireworks']
nO5g5SWGYdA,30.0,40.0,['Camera']
nZIY8BKixjc,0.0,9.0,['Doorbell']
nd78y2xIUuk,30.0,40.0,['Bark']
nfdEAfLG7qQ,10.0,20.0,['Cough']
niIEfj_Ger8,120.0,130.0,['Burping_and_eructation']
nwbRz1UP4MI,40.0,50.0,['Church_bell']
o-uOzHZRdYM,170.0,180.0,['Cheering']
o08cGjueDXM,200.0,210.0,['Bark']
o7jBSQRJzuQ,30.0,40.0,['Meow']
oBLLs2UcJbQ,100.0,110.0,['Cough']
oKab6-syQD4,240.0,250.0,['Shout']
oZF73R89bk0,140.0,150.0,['Scratching_(performance technique)']
oiZkgsZcQmY,90.0,100.0,['Burping_and_eructation']
ovP1V_dqcKs,20.0,30.0,['Cough']
p-M4cpLUoDw,10.0,20.0,['Church_bell']
p-sRsHVhL4s,30.0,40.0,['Church_bell']
p1y4mRmBlpI,0.0,10.0,['Burping_and_eructation']
p6HxBGl_JEU,70.0,80.0,['Shatter']
pCecMtQGGEA,40.0,50.0,['Fireworks']
pIwn0udLJXI,120.0,130.0,['Scratching_(performance technique)']
pJRAWkLM7UE,110.0,120.0,['Church_bell']
pMDfOwaHg6A,53.0,63.0,['Church_bell']
pNhESKKiEDI,30.0,40.0,['Meow']
pQlhUKHVr4s,180.0,190.0,['Cheering']
pZebkKZrRXc,30.0,40.0,['Church_bell']
paXPFX6lGzM,40.0,50.0,['Burping_and_eructation']
pfPWhjv_Wb0,270.0,280.0,['Church_bell']
pgHi5d1Kf2c,30.0,40.0,['Meow']
pgaOSSAA_uE,30.0,40.0,['Cheering']
phaWZZdk8js,170.0,180.0,['Doorbell']
phcb_32Cmbo,30.0,40.0,['Cough']
pnh_C1w4yGc,250.0,260.0,['Scratching_(performance technique)']
poz8FFcAmNY,0.0,10.0,['Meow']
prWt1op73ZI,190.0,200.0,['Church_bell']
ptIHZv3KdJw,0.0,3.0,['Doorbell']
pvM9K8h7r1k,70.0,80.0,['Cheering']
px2Ssct-U1o,10.0,20.0,['Scratching_(performance technique)']
q6IgSdTK2Pw,0.0,10.0,['Fireworks']
qL14sfSWR-M,70.0,80.0,['Shout']
qOSdHmfwLF4,40.0,50.0,['Cough']
qSiNeKXt1po,70.0,80.0,['Camera']
qW5-hZGGx9U,120.0,130.0,['Cough']
qaiTVxEpeJM,70.0,80.0,['Burping_and_eructation']
qgmivsTvSXw,380.0,390.0,['Church_bell']
qyxKgC7B9PQ,30.0,40.0,['Church_bell']
r7Oq0c1GGqI,0.0,10.0,['Cheering']
r8dW1geD3VQ,30.0,40.0,['Church_bell']
rA46OCJsFek,90.0,100.0,['Church_bell']
rCNaKCymgp8,240.0,250.0,['Camera']
rTPuPvHg5rg,30.0,40.0,['Shatter']
rYX3_ekLljk,470.0,480.0,['Camera']
raww5tvi85A,40.0,50.0,['Bark']
rgYJjCgZoJA,50.0,60.0,['Scratching_(performance technique)']
rmMFrnR_hfA,30.0,40.0,['Church_bell']
rpK2oHHZZ10,110.0,120.0,['Burping_and_eructation']
rsH2f778DnM,30.0,40.0,['Cough']
rzmX8IPoaUc,230.0,240.0,['Shatter']
s4wQi-0I2DE,30.0,40.0,['Bark']
s9IS_lGiKaA,110.0,120.0,['Cheering']
sKmutYDACpg,100.0,110.0,['Shatter']
sNCKIJFUj5I,80.0,90.0,['Cough']
sd1gAgsXMsc,370.0,380.0,['Church_bell']
sdAAD_Bc6fI,20.0,30.0,['Church_bell']
sfA0tZgtSeg,30.0,40.0,['Meow']
skB58ju4Q0M,80.0,90.0,['Scratching_(performance technique)']
sorRkcFRl3w,150.0,160.0,['Doorbell']
ssgJp1TpXtg,0.0,8.0,['Burping_and_eructation']
sspVoY8hZEY,110.0,120.0,['Cough']
swzCAxFJaWo,120.0,130.0,['Shout']
t8rwfrPCW1M,30.0,40.0,['Church_bell']
tC2bf968d8M,440.0,450.0,['Doorbell']
tNEGx3WCwBA,0.0,4.0,['Doorbell']
tNmXub1tnv4,30.0,40.0,['Fireworks']
tOfzHviIYyw,530.0,540.0,['Shatter']
tSDWeENk1W8,30.0,40.0,['Church_bell']
tYA0D-S_30k,90.0,100.0,['Bark']
tYwIwZ0y-UQ,0.0,10.0,['Scratching_(performance technique)']
t_xkqp_oROY,100.0,110.0,['Church_bell']
tabpGLxXz0c,0.0,10.0,['Burping_and_eructation']
tc5k59uxChA,180.0,190.0,['Shatter']
u2AaeUx5cMw,30.0,40.0,['Cheering']
u2iXtdqZIz8,50.0,60.0,['Cheering']
uLp6z37bfVE,230.0,240.0,['Church_bell']
uWQI5DCKVdU,30.0,40.0,['Meow']
uYY7cJzqyMU,570.0,580.0,['Doorbell']
ue1sgGEvkwE,90.0,100.0,['Scratching_(performance technique)']
ui8tOIpmVwI,29.0,39.0,['Meow']
v9DRBuLXpKQ,400.0,410.0,['Doorbell']
vdbKbzkEeY0,30.0,40.0,['Camera']
vkcSOQ_vNc0,170.0,180.0,['Shout']
vmeWtjzGZPs,0.0,10.0,['Doorbell']
voHJul8HHVE,40.0,50.0,['Burping_and_eructation']
vvi1hCoFAgo,20.0,30.0,['Cheering']
vwJU-4f2rOg,50.0,60.0,['Cheering']
w7RLDvfM9HQ,140.0,150.0,['Fireworks']
wE5_OTgj51E,330.0,340.0,['Shatter']
wEmEkLQDl0U,0.0,9.0,['Meow']
wFwQ6sQWdD8,150.0,160.0,['Cheering']
wM2MjZgCZho,30.0,40.0,"['Cheering', 'Shout']"
wSDBLBR5r4Y,250.0,260.0,['Cheering']
wSFSm0cLylM,10.0,20.0,['Burping_and_eructation']
wVW17eCfbhw,10.0,20.0,['Scratching_(performance technique)']
wlkSmyEWNX0,320.0,330.0,['Church_bell']
wqH6Sj_h948,120.0,130.0,['Shatter']
wrnmyNXO0-w,11.0,21.0,['Meow']
wxw0sHBvkR0,50.0,60.0,['Shout']
x0QrWlWcft0,60.0,70.0,['Church_bell']
x6T5ambPKwg,30.0,40.0,['Cheering']
x9xXU30ktcY,50.0,60.0,['Scratching_(performance technique)']
xjDFL8puUjM,50.0,60.0,['Doorbell']
xvLOnDO8TBg,70.0,80.0,['Fireworks']
y01wHb_XZ1Y,70.0,80.0,['Church_bell']
y4vtzCAPv84,30.0,40.0,['Scratching_(performance technique)']
y5q8M5iRS4A,10.0,20.0,['Cough']
y6tnyCHq6xE,80.0,90.0,['Bark']
y9na4SXQfFE,10.0,20.0,['Doorbell']
yBukUnXhYnc,70.0,80.0,['Bark']
yNqiSfX8e3Y,12.0,22.0,['Doorbell']
yPkr1XQFNJA,29.0,39.0,['Bark']
yZWx2IW34Wg,0.0,10.0,['Church_bell']
yagYolaOvTc,20.0,30.0,['Shout']
yk9-ww_XBl0,60.0,70.0,['Burping_and_eructation']
ylSyWzw_YoQ,120.0,130.0,['Shout']
yp4YBTyX7gk,30.0,40.0,['Church_bell']
yxPPtOEc87M,120.0,130.0,['Shout']
z0tYrAICz_8,410.0,420.0,['Burping_and_eructation']
z9UJD6O7EAE,70.0,80.0,['Scratching_(performance technique)']
zNAHQYshxZk,310.0,320.0,['Scratching_(performance technique)']
zSA7qZkHxvE,230.0,240.0,['Camera']
zWOD_bnFjF8,40.0,50.0,['Cough']
zaMBCLi5Idg,0.0,7.0,['Church_bell']
zdPyYwzA1TE,280.0,290.0,['Cheering']
zephYS3DLPo,60.0,70.0,['Shout']
zkIlnWqrDQE,30.0,40.0,['Fireworks']
zuW75_LUwCE,400.0,410.0,['Doorbell']
zuWPIg6gwqU,190.0,200.0,['Shatter']
